time,Seconds,Latitude,Longitude,Absolute pedal position D (%),Vehicle acceleration (g),Vehicle speed (mph)
0 days 07:50:22.160000,0.0,40.24974863,-111.63557451,15.0,-0.009321532150256,24.233476497256
0 days 07:50:23.812000,1.652,40.24958641,-111.63549978,15.0,-0.009321532150256,24.233476497256
0 days 07:50:25.570000,3.41,40.24941234,-111.63542639,15.0,-0.009321532150256,24.233476497256
0 days 07:50:27.282000,5.122,40.24924776,-111.63532685,15.0,-0.009321532150256,22.369362920544
0 days 07:50:29.280000,7.12,40.24917702,-111.63530308,15.0,-0.009321532150256,20.505249343832
0 days 07:50:31.024000,8.864,40.24899572,-111.63527579,15.0,-0.0446053050107898,17.3983933826453
0 days 07:50:32.631000,10.471,40.24891016,-111.63526427,15.0,-0.0625238684591262,13.6701662292213
0 days 07:50:34.315000,12.155,40.24879016,-111.63526472,15.0,-0.0796583504450708,9.94193907579734
0 days 07:50:36.334000,14.174,40.2487695,-111.63529578,15.0,-0.0796583504450708,11.184681460272
0 days 07:50:38.133000,15.973,40.24869038,-111.63536127,22.0,-0.0796583504450708,16.1556509981707
0 days 07:50:39.897000,17.737,40.24862213,-111.63548451,15.0,-0.0796583504450708,16.1556509981707
0 days 07:50:42.147000,19.987,40.24855736,-111.63582038,15.0,-0.0796583504450708,22.9907341127814
0 days 07:50:44.149000,21.989,40.24845598,-111.63615142,15.0,0.0742633349590918,24.8548476894934
0 days 07:50:45.584000,23.424,40.24837737,-111.63641916,15.0,0.077058829871086,27.3403324584427
0 days 07:50:47.550000,25.39,40.24832322,-111.63666457,15.0,0.0653773307220609,29.825817227392
0 days 07:50:49.270000,27.11,40.248205,-111.63695729,15.0,0.0653773307220609,29.825817227392
0 days 07:50:51.073000,28.913,40.24817077,-111.63711688,15.0,0.0653773307220609,29.825817227392
0 days 07:50:52.723000,30.563,40.24807236,-111.63735012,15.0,0.0653773307220609,26.7189612662054
0 days 07:50:54.456000,32.296,40.24799105,-111.63759936,15.0,0.0653773307220609,21.7479917283067
0 days 07:50:56.445000,34.285,40.24793629,-111.63776001,15.0,-0.0509086012709209,15.5342798059333
0 days 07:50:58.382000,36.222,40.24791366,-111.63782187,17.0,-0.0916230826427148,9.32056788356001
0 days 07:51:00.205000,38.045,40.24789752,-111.63785968,26.0,-0.110931170202967,8.69919669132267
0 days 07:51:01.870000,39.71,40.24781553,-111.63792824,15.0,-0.110931170202967,13.6701662292213
0 days 07:51:03.796000,41.636,40.24774361,-111.63784187,15.0,-0.110931170202967,17.3983933826453
0 days 07:51:05.349000,43.189,40.24749617,-111.63783403,25.0,-0.110931170202967,21.1266205360694
0 days 07:51:07.218000,45.058,40.24733918,-111.63778222,25.0,0.0952188940181716,24.233476497256
0 days 07:51:09.214000,47.054,40.24718323,-111.63776928,15.0,0.0724824337992686,25.4762188817307
0 days 07:51:11.228000,49.068,40.24689679,-111.63776963,15.0,0.0563027932186536,27.3403324584427
0 days 07:51:14.314000,52.154,40.24654604,-111.6378123,15.0,0.0563027932186536,27.3403324584427
0 days 07:51:16.247000,54.087,40.24637724,-111.63784463,15.0,0.0355243315383126,29.2044460351547
0 days 07:51:18.264000,56.104,40.24621783,-111.6378034,15.0,0.0187863834443734,29.825817227392
0 days 07:51:20.219000,58.059,40.24595478,-111.63781132,15.0,0.0187863834443734,29.825817227392
0 days 07:51:22.216000,60.056,40.24557541,-111.63778151,15.0,0.0166676847077898,31.0685596118667
0 days 07:51:23.543000,61.383,40.24547916,-111.63776975,15.0,0.0108030088677841,31.0685596118667
0 days 07:51:25.252000,63.092,40.24523453,-111.63777985,15.0,0.0108030088677841,26.7189612662054
0 days 07:51:27.256000,65.096,40.24503964,-111.6377825,15.0,-0.052032083301309,21.1266205360694
0 days 07:51:29.223000,67.063,40.24492744,-111.63779891,15.0,-0.0947788113552734,15.5342798059333
0 days 07:51:31.213000,69.053,40.24489833,-111.63778801,29.0,-0.13651436373585,9.32056788356001
0 days 07:51:33.202000,71.042,40.24476924,-111.63779101,25.0,-0.13651436373585,13.048795036984
0 days 07:51:34.581000,72.421,40.24460597,-111.63780482,25.0,-0.13651436373585,18.0197645748827
0 days 07:51:36.247000,74.087,40.24440842,-111.63780713,29.0,-0.13651436373585,22.369362920544
0 days 07:51:38.360000,76.2,40.2442246,-111.63779122,18.0,0.0853532817575423,24.8548476894934
0 days 07:51:40.336000,78.176,40.24396125,-111.63779083,18.0,0.0781632819175093,27.3403324584427
0 days 07:51:42.522000,80.362,40.24373582,-111.63778566,15.0,0.0515782549907619,27.3403324584427
0 days 07:51:44.712000,82.552,40.24348882,-111.63779553,15.0,0.0272386961819954,27.3403324584427
0 days 07:51:46.416000,84.256,40.2432448,-111.63780473,15.0,0.0,24.8548476894934
0 days 07:51:48.254000,86.094,40.24309386,-111.63779,15.0,-0.0508330260344241,18.64113576712
0 days 07:51:50.299000,88.139,40.24299496,-111.63780678,15.0,-0.0508330260344241,18.64113576712
0 days 07:51:52.214000,90.054,40.24303782,-111.63782905,26.0,-0.0818892913074296,10.5633102680347
0 days 07:51:54.224000,92.064,40.24298394,-111.63784924,15.0,-0.0818892913074296,15.5342798059333
0 days 07:51:55.928000,93.768,40.24299696,-111.638138,15.0,-0.0818892913074296,19.8838781515947
0 days 07:51:57.734000,95.574,40.24298919,-111.63842641,27.0,-0.0818892913074296,24.233476497256
0 days 07:51:59.912000,97.752,40.24298257,-111.63872302,27.0,0.108349893976846,27.96170365068
0 days 07:52:01.724000,99.564,40.24297581,-111.63904211,23.0,0.0780422307681598,29.2044460351547
0 days 07:52:03.276000,101.116,40.24299859,-111.63932857,23.0,0.0623811850025937,30.4471884196294
0 days 07:52:05.440000,103.28,40.24299781,-111.63967376,15.0,0.0452123730432044,31.689930804104
0 days 07:52:07.228000,105.068,40.24296164,-111.64000417,25.0,0.0284684863557757,32.9326731885787
0 days 07:52:09.217000,107.057,40.24297382,-111.64037723,24.0,0.0284684863557757,32.9326731885787
0 days 07:52:11.204000,109.044,40.24297382,-111.64056662,24.0,0.0240856014263449,34.1754155730534
0 days 07:52:12.809000,110.649,40.24295991,-111.64092141,15.0,0.0184726595901533,34.1754155730534
0 days 07:52:14.647000,112.487,40.24296999,-111.64128598,15.0,0.0184726595901533,34.1754155730534
0 days 07:52:16.798000,114.638,40.24296703,-111.64161276,15.0,0.0184726595901533,31.0685596118667
0 days 07:52:18.380000,116.22,40.24298038,-111.64192663,15.0,-0.010249617035616,30.4471884196294
0 days 07:52:20.270000,118.11,40.24297732,-111.64224143,15.0,-0.0271045260797514,28.5830748429174
0 days 07:52:22.376000,120.216,40.24298065,-111.64238876,15.0,-0.0407624345468523,25.4762188817307
0 days 07:52:24.296000,122.136,40.2429703,-111.642687,15.0,-0.0618344324093775,19.8838781515947
0 days 07:52:26.280000,124.12,40.24299226,-111.64286701,15.0,-0.0904780205879893,14.2915374214587
0 days 07:52:28.267000,126.107,40.24300436,-111.64303576,15.0,-0.115473329363674,8.69919669132267
0 days 07:52:29.951000,127.791,40.2430125,-111.64312789,15.0,-0.108571484745705,6.21371192237334
0 days 07:52:31.351000,129.191,40.24294571,-111.64312118,16.0,-0.108571484745705,8.69919669132267
0 days 07:52:33.762000,131.602,40.24292063,-111.64323082,30.0,-0.108571484745705,13.048795036984
0 days 07:52:35.476000,133.316,40.2428235,-111.64332253,32.0,-0.108571484745705,17.3983933826453
0 days 07:52:37.439000,135.279,40.24268209,-111.64333958,32.0,0.105686663639004,23.6121053050187
0 days 07:52:39.236000,137.076,40.24254603,-111.64330231,30.0,0.104815886322172,26.097590073968
0 days 07:52:41.207000,139.047,40.24243276,-111.64330175,31.0,0.103696496520363,31.0685596118667
0 days 07:52:42.936000,140.776,40.24215893,-111.64329271,15.0,0.10115526496872,32.9326731885787
0 days 07:52:44.861000,142.701,40.24195301,-111.64330563,15.0,0.0630680179384144,33.554044380816
0 days 07:52:46.400000,144.24,40.24166015,-111.64332772,23.0,0.0492078565996444,34.1754155730534
0 days 07:52:48.443000,146.283,40.2413638,-111.64328467,23.0,0.0296001578481022,36.0395291497654
0 days 07:52:50.602000,148.442,40.2410796,-111.64331828,15.0,0.0270664138299273,37.9036427264774
0 days 07:52:52.278000,150.118,40.2406872,-111.64334546,15.0,0.0270664138299273,37.9036427264774
0 days 07:52:54.208000,152.048,40.24051185,-111.64333423,18.0,0.0241189750108263,37.28227153424
0 days 07:52:55.993000,153.833,40.24021976,-111.64331947,22.0,0.0241189750108263,37.9036427264774
0 days 07:52:57.447000,155.287,40.23989027,-111.64328997,24.0,0.0241189750108263,37.9036427264774
0 days 07:52:59.278000,157.118,40.23956788,-111.64331442,17.0,0.0241189750108263,38.5250139187147
0 days 07:53:00.988000,158.828,40.23945579,-111.64331338,21.0,0.0241189750108263,38.5250139187147
0 days 07:53:02.245000,160.085,40.23930253,-111.64331473,20.0,0.0241189750108263,38.5250139187147
0 days 07:53:03.885000,161.725,40.23894903,-111.64333509,15.0,0.0,38.5250139187147
0 days 07:53:05.625000,163.465,40.2386131,-111.64334232,24.0,0.0,38.5250139187147
0 days 07:53:07.279000,165.119,40.23828592,-111.64333384,24.0,0.0,39.146385110952
0 days 07:53:09.227000,167.067,40.23812833,-111.64332527,23.0,0.0130463556986142,39.7677563031894
0 days 07:53:10.962000,168.802,40.23776868,-111.64333507,18.0,0.0130463556986142,39.7677563031894
0 days 07:53:12.226000,170.066,40.23748421,-111.64332399,18.0,0.0130463556986142,40.3891274954267
0 days 07:53:15.261000,173.101,40.23698941,-111.64329823,32.0,0.0130463556986142,42.874612264376
0 days 07:53:17.230000,175.07,40.23665245,-111.64328023,16.0,0.0130463556986142,42.874612264376
0 days 07:53:19.250000,177.09,40.23634702,-111.64327835,18.0,0.0130463556986142,41.010498687664
0 days 07:53:21.215000,179.055,40.2360106,-111.64328793,22.0,0.0130463556986142,39.146385110952
0 days 07:53:22.710000,180.55,40.23582228,-111.64330031,21.0,-0.008336675087367,38.5250139187147
0 days 07:53:24.576000,182.416,40.23553199,-111.64329754,21.0,-0.0224690756547712,37.9036427264774
0 days 07:53:26.212000,184.052,40.23536993,-111.64331948,19.0,-0.0245873025987806,36.6609003420027
0 days 07:53:27.673000,185.513,40.23506483,-111.64332084,15.0,-0.0192641516836329,36.0395291497654
0 days 07:53:29.952000,187.792,40.23480123,-111.64333647,15.0,-0.0286224049496097,33.554044380816
0 days 07:53:31.744000,189.584,40.23452961,-111.64333511,15.0,-0.0324182237311692,32.3113019963414
0 days 07:53:33.348000,191.188,40.23424775,-111.64337369,15.0,-0.0522646159713583,27.96170365068
0 days 07:53:35.342000,193.182,40.23408952,-111.64335996,15.0,-0.0906808369716756,20.505249343832
0 days 07:53:37.257000,195.097,40.23395227,-111.64337379,15.0,-0.130289700656662,13.048795036984
0 days 07:53:39.020000,196.86,40.23392915,-111.64337555,15.0,-0.142845810230589,10.5633102680347
0 days 07:53:40.995000,198.835,40.23385083,-111.64338467,27.0,-0.142845810230589,14.2915374214587
0 days 07:53:42.900000,200.74,40.23372166,-111.64338476,25.0,-0.142845810230589,16.777022190408
0 days 07:53:44.970000,202.81,40.23356886,-111.64338165,27.0,-0.142845810230589,21.1266205360694
0 days 07:53:46.765000,204.605,40.23332847,-111.64335029,34.0,0.0891264007190727,26.097590073968
0 days 07:53:48.669000,206.509,40.23308378,-111.64334017,34.0,0.0794584020783631,27.96170365068
0 days 07:53:50.703000,208.543,40.23282915,-111.64331215,37.0,0.0852937382934075,32.3113019963414
0 days 07:53:52.338000,210.178,40.23253757,-111.64325715,24.0,0.0675915655431147,33.554044380816
0 days 07:53:54.298000,212.138,40.23239601,-111.6432094,25.0,0.0476553487820367,34.1754155730534
0 days 07:53:55.945000,213.785,40.23210889,-111.64311544,26.0,0.0462963758138118,36.0395291497654
0 days 07:53:57.456000,215.296,40.23181725,-111.6430274,24.0,0.0239290235141035,36.0395291497654
0 days 07:53:59.556000,217.396,40.23153562,-111.64297016,15.0,0.0239290235141035,35.418157957528
0 days 07:54:01.456000,219.296,40.23118712,-111.64298448,15.0,0.0239290235141035,35.418157957528
0 days 07:54:03.263000,221.103,40.23094665,-111.64294902,15.0,-0.0194194514531977,32.9326731885787
0 days 07:54:05.288000,223.128,40.23064943,-111.6429481,15.0,-0.0292873036198912,31.0685596118667
0 days 07:54:06.863000,224.703,40.23053799,-111.64293421,15.0,-0.0292873036198912,31.0685596118667
0 days 07:54:08.216000,226.056,40.23030355,-111.64292121,15.0,-0.0412673731574728,28.5830748429174
0 days 07:54:10.247000,228.087,40.23012192,-111.64290123,15.0,-0.0566140886230279,25.4762188817307
0 days 07:54:12.071000,229.911,40.23004443,-111.64289982,15.0,-0.0797623928493561,19.8838781515947
0 days 07:54:14.232000,232.072,40.22991203,-111.64291562,15.0,-0.107181658318353,13.6701662292213
0 days 07:54:16.986000,234.826,40.22985126,-111.64290532,15.0,-0.108444332422474,5.59234073013601
0 days 07:54:18.489000,236.329,40.22980584,-111.64289832,15.0,-0.103887663021972,3.10685596118667
0 days 07:54:20.792000,238.632,40.22979065,-111.64290454,15.0,-0.0915147185248224,0.0
0 days 07:54:22.396000,240.236,40.22980165,-111.64289841,19.0,-0.0915147185248224,0.621371192237334
0 days 07:54:24.810000,242.65,40.22977419,-111.64289644,25.0,-0.0915147185248224,6.21371192237334
0 days 07:54:26.568000,244.408,40.22973247,-111.64287505,29.0,-0.0915147185248224,11.8060526525093
0 days 07:54:28.246000,246.086,40.22959358,-111.64288224,29.0,0.103098893404686,17.3983933826453
0 days 07:54:30.455000,248.295,40.2294797,-111.64285754,29.0,0.110039416105947,20.505249343832
0 days 07:54:32.215000,250.055,40.22929996,-111.64285557,31.0,0.102555128803928,24.8548476894934
0 days 07:54:34.260000,252.1,40.2290345,-111.64286371,21.0,0.102555128803928,24.8548476894934
0 days 07:54:36.227000,254.067,40.22890528,-111.64286739,27.0,0.0903753979612924,27.3403324584427
0 days 07:54:38.251000,256.091,40.22853959,-111.64286317,28.0,0.0717991071101391,30.4471884196294
0 days 07:54:39.969000,257.809,40.22840386,-111.64285063,27.0,0.0676002599950594,32.3113019963414
0 days 07:54:41.626000,259.466,40.22814728,-111.6428302,27.0,0.0418987626028927,32.3113019963414
0 days 07:54:43.267000,261.107,40.22786233,-111.64282424,29.0,0.0415879299389447,34.7967867652907
0 days 07:54:45.276000,263.116,40.22756592,-111.64281676,23.0,0.0251895039389248,34.7967867652907
0 days 07:54:47.291000,265.131,40.22728668,-111.6427895,15.0,0.0177707083684458,35.418157957528
0 days 07:54:49.214000,267.054,40.22714941,-111.64277717,15.0,0.0177707083684458,34.7967867652907
0 days 07:54:51.019000,268.859,40.22685945,-111.64274703,15.0,0.0177707083684458,34.1754155730534
0 days 07:54:52.569000,270.409,40.22658824,-111.64273368,15.0,-0.0073707877181958,33.554044380816
0 days 07:54:54.317000,272.157,40.22633149,-111.64272451,15.0,-0.0151892341280915,32.9326731885787
0 days 07:54:56.242000,274.082,40.22608148,-111.64271588,15.0,-0.0184439396434149,31.689930804104
0 days 07:54:58.240000,276.08,40.22595497,-111.64271028,15.0,-0.0303577556233076,29.2044460351547
0 days 07:54:59.667000,277.507,40.22574099,-111.64270229,15.0,-0.0303577556233076,29.2044460351547
0 days 07:55:01.249000,279.089,40.22554671,-111.64278107,15.0,-0.0507718712566387,24.8548476894934
0 days 07:55:02.975000,280.815,40.22545696,-111.64282391,15.0,-0.0736312183512594,20.505249343832
0 days 07:55:04.443000,282.283,40.22538139,-111.64288961,15.0,-0.118952775150359,13.048795036984
0 days 07:55:06.286000,284.126,40.22534665,-111.64289278,15.0,-0.149949055111638,4.34959834566134
0 days 07:55:08.017000,285.857,40.22531396,-111.642895,15.0,-0.15020160320954,1.24274238447467
0 days 07:55:09.877000,287.717,40.22531896,-111.64292222,15.0,-0.134050504051343,0.0
0 days 07:55:12.846000,290.686,40.22532686,-111.6429176,15.0,-0.0266800494066542,0.0
0 days 07:55:17.774000,295.614,40.22532902,-111.64291434,15.0,-0.0266800494066542,0.0
0 days 07:55:20.886000,298.726,40.22533088,-111.64291417,15.0,-0.0046009648440218,0.0
0 days 07:55:24.326000,302.166,40.22533054,-111.64291393,15.0,0.0,0.0
0 days 07:55:27.550000,305.39,40.22533087,-111.64291413,15.0,0.0,0.0
0 days 07:55:32.058000,309.898,40.22533083,-111.64291397,15.0,0.0,0.0
0 days 07:55:35.282000,313.122,40.22533076,-111.64291379,15.0,0.0,0.0
0 days 07:55:39.199000,317.039,40.22532296,-111.64292006,20.0,0.0,0.0
0 days 07:55:40.944000,318.784,40.22528074,-111.64295984,22.0,0.0544901844831825,11.184681460272
0 days 07:55:43.269000,321.109,40.22509701,-111.64305423,30.0,0.0819347229558643,16.777022190408
0 days 07:55:45.494000,323.334,40.22493275,-111.64304218,30.0,0.101214107314801,20.505249343832
0 days 07:55:47.456000,325.296,40.22475086,-111.64300833,36.0,0.121705174467675,25.4762188817307
0 days 07:55:50.084000,327.924,40.22455368,-111.64278702,39.0,0.0893004965624981,31.689930804104
0 days 07:55:52.023000,329.863,40.224294,-111.64257616,39.0,0.0895652525456822,35.418157957528
0 days 07:55:53.583000,331.423,40.22397332,-111.64233053,39.0,0.0806754604565864,38.5250139187147
0 days 07:55:55.926000,333.766,40.22370084,-111.64214114,30.0,0.0569381157936734,39.146385110952
0 days 07:55:57.452000,335.292,40.22341649,-111.64197293,29.0,0.0569381157936734,39.146385110952
0 days 07:55:59.499000,337.339,40.22306269,-111.64175684,28.0,0.0544294254095859,41.010498687664
0 days 07:56:01.295000,339.135,40.22276847,-111.64150912,27.0,0.042846210256357,42.874612264376
0 days 07:56:02.797000,340.637,40.22263781,-111.64138429,26.0,0.0312618951038405,44.1173546488507
0 days 07:56:04.401000,342.241,40.22232887,-111.64111643,26.0,0.0347664316962591,44.738725841088
0 days 07:56:06.022000,343.862,40.2221658,-111.64099646,25.0,0.0347664316962591,44.738725841088
0 days 07:56:07.722000,345.562,40.22188601,-111.6407895,25.0,0.0247060660391132,45.9814682255627
0 days 07:56:09.400000,347.24,40.22155105,-111.64054741,28.0,0.0192869546546209,46.6028394178
0 days 07:56:11.210000,349.05,40.22124458,-111.64028976,28.0,0.0195128306518846,47.8455818022747
0 days 07:56:13.213000,351.053,40.22093118,-111.64001091,26.0,0.0185323111965339,48.466952994512
0 days 07:56:15.213000,353.053,40.22074188,-111.6398833,25.0,0.018312040799663,49.0883241867494
0 days 07:56:16.845000,354.685,40.22038979,-111.63959901,25.0,0.0179404850516352,49.7096953789867
0 days 07:56:18.520000,356.36,40.21999041,-111.63932218,25.0,0.0108558157351821,49.7096953789867
0 days 07:56:20.236000,358.076,40.21968004,-111.63905892,26.0,0.0108558157351821,49.7096953789867
0 days 07:56:22.276000,360.116,40.21932636,-111.63881237,25.0,0.0104555470100181,50.331066571224
0 days 07:56:24.262000,362.102,40.21914684,-111.63869691,26.0,0.0104555470100181,49.7096953789867
0 days 07:56:25.621000,363.461,40.21879984,-111.63845682,26.0,0.0104555470100181,50.9524377634614
0 days 07:56:27.995000,365.835,40.21843689,-111.63817984,29.0,0.0104555470100181,52.8165513401734
0 days 07:56:29.914000,367.754,40.21809519,-111.63790315,21.0,0.0104555470100181,53.4379225324107
0 days 07:56:31.681000,369.521,40.21770093,-111.63764061,24.0,0.0200643058348716,53.4379225324107
0 days 07:56:33.952000,371.792,40.21733592,-111.63736162,19.0,0.0200643058348716,52.8165513401734
0 days 07:56:35.519000,373.359,40.21691665,-111.63710778,23.0,0.0,52.8165513401734
0 days 07:56:37.333000,375.173,40.21658101,-111.63683204,23.0,-0.003714891698497,52.8165513401734
0 days 07:56:39.478000,377.318,40.21623672,-111.6365589,23.0,-0.0073501899057763,52.195180147936
0 days 07:56:41.313000,379.153,40.21589649,-111.63629002,20.0,-0.0071870107497697,51.5738089556987
0 days 07:56:43.266000,381.106,40.21552251,-111.63601665,24.0,-0.0071870107497697,52.195180147936
0 days 07:56:45.247000,383.087,40.2151203,-111.63574169,22.0,-0.0071870107497697,52.8165513401734
0 days 07:56:46.878000,384.718,40.21493527,-111.63560022,20.0,-0.0071870107497697,52.8165513401734
0 days 07:56:48.458000,386.298,40.21454101,-111.63533554,23.0,0.0077239445729546,52.8165513401734
0 days 07:56:50.378000,388.218,40.21417506,-111.63505105,21.0,0.0038571189478303,52.8165513401734
0 days 07:56:52.275000,390.115,40.21398785,-111.63491279,21.0,0.0,52.8165513401734
0 days 07:56:54.232000,392.072,40.21362147,-111.63463945,18.0,-0.0041200978085483,52.195180147936
0 days 07:56:56.236000,394.076,40.21327538,-111.63437347,23.0,-0.0037355179253805,52.195180147936
0 days 07:56:57.871000,395.711,40.21291502,-111.6340937,21.0,-0.0038798902016746,52.195180147936
0 days 07:56:59.861000,397.701,40.2125508,-111.63382424,21.0,-0.0075708058173435,51.5738089556987
0 days 07:57:01.585000,399.425,40.21220406,-111.63358551,19.0,-0.0073149656524884,50.9524377634614
0 days 07:57:03.241000,401.081,40.21184593,-111.63332038,20.0,-0.0080479334856325,50.9524377634614
0 days 07:57:05.258000,403.098,40.21149292,-111.63304496,23.0,-0.0077940638713167,50.9524377634614
0 days 07:57:07.229000,405.069,40.21131334,-111.6329195,22.0,-0.0073824084396848,50.331066571224
0 days 07:57:08.543000,406.383,40.21095497,-111.63265392,23.0,-0.0039344577078354,50.331066571224
0 days 07:57:10.802000,408.642,40.21059235,-111.63236872,20.0,-0.0036367676045895,50.331066571224
0 days 07:57:12.311000,410.151,40.21029097,-111.63209455,19.0,-0.0108395999402934,49.0883241867494
0 days 07:57:14.245000,412.085,40.20993738,-111.63179813,15.0,-0.0154297185847913,47.8455818022747
0 days 07:57:16.257000,414.097,40.20976538,-111.63165007,21.0,-0.0245295862466131,45.9814682255627
0 days 07:57:18.215000,416.055,40.20939374,-111.63139458,25.0,-0.0245295862466131,45.9814682255627
0 days 07:57:20.711000,418.551,40.20892413,-111.6309906,25.0,-0.0230719035217147,45.3600970333254
0 days 07:57:22.254000,420.094,40.20860529,-111.6307397,15.0,-0.0238329996399007,44.1173546488507
0 days 07:57:24.282000,422.122,40.20833534,-111.63052185,15.0,-0.0315983278911932,41.010498687664
0 days 07:57:26.215000,424.055,40.20808238,-111.63031716,15.0,-0.0540208105269628,34.7967867652907
0 days 07:57:28.473000,426.313,40.20789513,-111.63015149,15.0,-0.127177036572218,22.9907341127814
0 days 07:57:30.258000,428.098,40.2077257,-111.6300743,15.0,-0.139719622313294,18.64113576712
0 days 07:57:32.132000,429.972,40.20765499,-111.63005445,28.0,-0.139719622313294,21.1266205360694
0 days 07:57:33.533000,431.373,40.20755698,-111.63029532,32.0,-0.139719622313294,21.1266205360694
0 days 07:57:35.242000,433.082,40.20747175,-111.63058882,15.0,-0.139719622313294,26.7189612662054
0 days 07:57:37.258000,435.098,40.20741681,-111.63094331,39.0,-0.139719622313294,30.4471884196294
0 days 07:57:39.406000,437.246,40.20742464,-111.63132067,41.0,0.0925015964574591,34.1754155730534
0 days 07:57:41.251000,439.091,40.20742286,-111.6315072,43.0,0.0970955344628692,38.5250139187147
0 days 07:57:42.886000,440.726,40.20751487,-111.63186803,43.0,0.0851191521523105,41.010498687664
0 days 07:57:44.889000,442.729,40.2076217,-111.63235227,33.0,0.0805197791539245,43.4959834566134
0 days 07:57:46.289000,444.129,40.2077467,-111.63283831,36.0,0.0565985794848248,43.4959834566134
0 days 07:57:48.569000,446.409,40.20783931,-111.63330524,33.0,0.0409158551271229,44.738725841088
0 days 07:57:50.217000,448.057,40.20786459,-111.63354827,25.0,0.0375302053534036,47.2242106100374
0 days 07:57:51.910000,449.75,40.20799221,-111.63404578,21.0,0.0303870963373087,48.466952994512
0 days 07:57:53.285000,451.125,40.2081026,-111.63455185,21.0,0.0403747048869778,49.7096953789867
0 days 07:57:55.385000,453.225,40.20819926,-111.63507253,19.0,0.0369331756940905,50.9524377634614
0 days 07:57:57.069000,454.909,40.20825917,-111.63534887,21.0,0.0266770653463261,51.5738089556987
0 days 07:57:58.722000,456.562,40.20839765,-111.63590094,19.0,0.0269109771104027,52.8165513401734
0 days 07:58:01.094000,458.934,40.20850207,-111.63644505,22.0,0.0219103952134106,53.4379225324107
0 days 07:58:02.717000,460.557,40.2086893,-111.63703881,27.0,0.0259429909791117,55.3020361091227
0 days 07:58:04.678000,462.518,40.20874073,-111.63763784,25.0,0.0261555421216632,55.9234073013601
0 days 07:58:06.264000,464.104,40.20883848,-111.63822195,27.0,0.0173237800879754,55.9234073013601
0 days 07:58:08.177000,466.017,40.20889911,-111.63844775,27.0,0.0144488396582783,55.9234073013601
0 days 07:58:09.464000,467.304,40.20901962,-111.6390462,25.0,-0.003867964466869,54.6806649168854
0 days 07:58:11.404000,469.244,40.20913265,-111.63959569,22.0,-0.003867964466869,54.6806649168854
0 days 07:58:13.346000,471.186,40.20921803,-111.64012961,22.0,-0.0219903125334621,52.195180147936
0 days 07:58:15.286000,473.126,40.20926426,-111.64064076,20.0,-0.0305908235932585,50.9524377634614
0 days 07:58:17.073000,474.913,40.20927096,-111.64092849,22.0,-0.0415867666833329,49.0883241867494
0 days 07:58:19.257000,477.097,40.20916611,-111.64165001,22.0,-0.0433254341398198,47.2242106100374
0 days 07:58:21.282000,479.122,40.2090693,-111.6421318,18.0,-0.0320036660283406,45.3600970333254
0 days 07:58:23.231000,481.071,40.20896855,-111.64257764,21.0,-0.0320036660283406,45.3600970333254
0 days 07:58:25.267000,483.107,40.20891226,-111.64281347,20.0,-0.0257710142556284,45.9814682255627
0 days 07:58:27.293000,485.133,40.20875012,-111.64349358,15.0,-0.0257710142556284,45.9814682255627
0 days 07:58:29.204000,487.044,40.20870604,-111.64373779,15.0,0.0143015366096592,47.8455818022747
0 days 07:58:30.854000,488.694,40.20860834,-111.64423378,15.0,0.0143015366096592,47.8455818022747
0 days 07:58:32.706000,490.546,40.20855937,-111.64475073,15.0,0.0146266796182361,47.8455818022747
0 days 07:58:34.481000,492.321,40.20859309,-111.64527869,16.0,0.0146266796182361,47.2242106100374
0 days 07:58:36.258000,494.098,40.20858138,-111.64574403,25.0,-0.0115958843734374,45.3600970333254
0 days 07:58:38.192000,496.032,40.20859785,-111.64598015,32.0,-0.0195212679406029,46.6028394178
0 days 07:58:39.775000,497.615,40.20859272,-111.64646803,23.0,-0.0195212679406029,46.6028394178
0 days 07:58:41.429000,499.269,40.20861466,-111.64696278,15.0,-0.0195212679406029,45.3600970333254
0 days 07:58:43.262000,501.102,40.20863269,-111.64744592,15.0,-0.0195212679406029,45.3600970333254
0 days 07:58:45.254000,503.094,40.2086495,-111.64790249,19.0,-0.0037501119204263,44.1173546488507
0 days 07:58:47.247000,505.087,40.20866363,-111.64811807,15.0,-0.0216747520895414,42.874612264376
0 days 07:58:49.254000,507.094,40.20870759,-111.648793,15.0,-0.0213012574163561,41.6318698799014
0 days 07:58:50.890000,508.73,40.20871132,-111.64900842,15.0,-0.0277747537219489,40.3891274954267
0 days 07:58:52.718000,510.558,40.20873192,-111.64941704,15.0,-0.0292974511653754,39.146385110952
0 days 07:58:54.294000,512.134,40.20873842,-111.64982,15.0,-0.026681925330591,38.5250139187147
0 days 07:58:56.290000,514.13,40.2087445,-111.65021217,15.0,-0.0332479783117573,36.0395291497654
0 days 07:58:58.476000,516.316,40.20874057,-111.65055368,15.0,-0.0332479783117573,36.0395291497654
0 days 07:59:00.785000,518.625,40.20875654,-111.65085548,15.0,-0.0535566813105085,29.2044460351547
0 days 07:59:02.280000,520.12,40.20876109,-111.65113679,15.0,-0.0577865371589877,26.097590073968
0 days 07:59:04.249000,522.089,40.20876761,-111.65139975,21.0,-0.0602458220484907,24.8548476894934
0 days 07:59:06.075000,523.915,40.2087749,-111.65152562,32.0,-0.0602458220484907,26.7189612662054
0 days 07:59:07.479000,525.319,40.20879305,-111.65179852,38.0,-0.0602458220484907,30.4471884196294
0 days 07:59:09.235000,527.075,40.20879394,-111.65213974,15.0,-0.0602458220484907,30.4471884196294
0 days 07:59:11.213000,529.053,40.20879686,-111.65230305,34.0,-0.0602458220484907,32.9326731885787
0 days 07:59:13.106000,530.946,40.20880739,-111.65268032,15.0,0.0631508218535359,36.0395291497654
0 days 07:59:15.026000,532.866,40.20879639,-111.65305976,15.0,0.0631508218535359,35.418157957528
0 days 07:59:16.690000,534.53,40.20878192,-111.65345804,15.0,0.0631508218535359,34.7967867652907
0 days 07:59:18.630000,536.47,40.20883058,-111.65377975,15.0,0.0033632750523938,33.554044380816
0 days 07:59:20.375000,538.215,40.20884604,-111.65411159,28.0,-0.0138464880098888,33.554044380816
0 days 07:59:22.253000,540.093,40.20879412,-111.65451965,38.0,-0.0138464880098888,35.418157957528
0 days 07:59:24.269000,542.109,40.20874921,-111.65491439,40.0,-0.0138464880098888,38.5250139187147
0 days 07:59:25.757000,543.597,40.20874406,-111.6551206,40.0,0.0459948474311266,41.010498687664
0 days 07:59:28.235000,546.075,40.20879045,-111.65577883,36.0,0.0573467677005019,42.2532410721387
0 days 07:59:30.115000,547.955,40.20880259,-111.65602568,29.0,0.050242254282474,44.1173546488507
0 days 07:59:31.742000,549.582,40.20879806,-111.65648544,15.0,0.050242254282474,42.2532410721387
0 days 07:59:33.531000,551.371,40.20882098,-111.6569827,15.0,0.050242254282474,39.7677563031894
0 days 07:59:35.767000,553.607,40.20875041,-111.65736625,15.0,-0.0371204356815479,35.418157957528
0 days 07:59:37.657000,555.497,40.20870207,-111.65763841,15.0,-0.0985256803720765,27.3403324584427
0 days 07:59:39.840000,557.68,40.20860297,-111.6579358,15.0,-0.125532398610707,19.2625069593574
0 days 07:59:41.565000,559.405,40.2085421,-111.65808182,15.0,-0.146714933915104,12.4274238447467
0 days 07:59:43.406000,561.246,40.20850516,-111.65812542,15.0,-0.148100674084307,9.32056788356001
0 days 07:59:45.395000,563.235,40.20846726,-111.6582198,15.0,-0.148100674084307,9.32056788356001
0 days 07:59:47.015000,564.855,40.20846176,-111.65825296,15.0,-0.0922053908821755,4.34959834566134
0 days 07:59:48.551000,566.391,40.20844793,-111.65829404,15.0,-0.0922053908821755,4.34959834566134
0 days 07:59:50.342000,568.182,40.20842886,-111.65831779,15.0,-0.0618474182085632,2.48548476894934
0 days 07:59:52.244000,570.084,40.20843071,-111.65834029,15.0,-0.0498798256582666,1.24274238447467
0 days 07:59:55.060000,572.9,40.20842551,-111.6583316,15.0,-0.0246458416881318,0.0
0 days 07:59:57.194000,575.034,40.20843791,-111.65831764,15.0,-0.0246458416881318,0.0
0 days 07:59:59.198000,577.038,40.20845256,-111.65829385,15.0,-0.0068700807285313,0.0
0 days 08:00:01.307000,579.147,40.20846072,-111.65827583,15.0,0.0,0.0
0 days 08:00:03.032000,580.872,40.20846352,-111.65826682,15.0,0.0,0.0
0 days 08:00:05.228000,583.068,40.20846222,-111.65825767,15.0,0.0,0.0
0 days 08:00:07.212000,585.052,40.20845615,-111.65824164,15.0,0.0,0.0
0 days 08:00:09.573000,587.413,40.20844675,-111.65824037,15.0,0.0,0.0
0 days 08:00:11.396000,589.236,40.20843375,-111.65824161,15.0,0.0,0.0
0 days 08:00:13.703000,591.543,40.20842324,-111.6582531,15.0,0.0,0.0
0 days 08:00:15.762000,593.602,40.20841034,-111.65828062,15.0,0.0,0.0
0 days 08:00:17.758000,595.598,40.20840334,-111.65829675,15.0,0.0,0.0
0 days 08:00:19.768000,597.608,40.20840748,-111.65831468,15.0,0.0,0.0
0 days 08:00:21.265000,599.105,40.20841918,-111.65834944,15.0,0.0,0.0
0 days 08:00:23.618000,601.458,40.20842521,-111.65836442,15.0,0.0,0.0
0 days 08:00:26.525000,604.365,40.20843075,-111.65836638,27.0,0.0549639522291479,9.32056788356001
0 days 08:00:28.892000,606.732,40.20839538,-111.65845963,24.0,0.0714446077084316,12.4274238447467
0 days 08:00:30.254000,608.094,40.20832316,-111.65857909,34.0,0.0714446077084316,12.4274238447467
0 days 08:00:32.254000,610.094,40.20830729,-111.65866092,29.0,0.122478734053918,21.7479917283067
0 days 08:00:34.259000,612.099,40.20813951,-111.65906599,24.0,0.133604028337448,23.6121053050187
0 days 08:00:35.801000,613.641,40.20806473,-111.65920727,15.0,0.087695315214887,24.8548476894934
0 days 08:00:37.848000,615.688,40.20797641,-111.65945527,19.0,0.087695315214887,23.6121053050187
0 days 08:00:39.257000,617.097,40.20787953,-111.65966878,19.0,0.087695315214887,22.9907341127814
0 days 08:00:41.214000,619.054,40.20773129,-111.65992711,22.0,0.087695315214887,24.233476497256
0 days 08:00:43.083000,620.923,40.20764598,-111.66005393,21.0,0.087695315214887,28.5830748429174
0 days 08:00:44.969000,622.809,40.20750115,-111.66032441,15.0,0.087695315214887,28.5830748429174
0 days 08:00:46.953000,624.793,40.20737673,-111.66061891,15.0,0.087695315214887,25.4762188817307
0 days 08:00:48.630000,626.47,40.20730122,-111.66080326,15.0,-0.0352727575129661,18.0197645748827
0 days 08:00:50.688000,628.528,40.20718229,-111.66094275,15.0,-0.115250882731722,9.32056788356001
0 days 08:00:52.438000,630.278,40.20715425,-111.66099869,15.0,-0.15212907230249,3.10685596118667
0 days 08:00:54.425000,632.265,40.20716481,-111.66098321,15.0,-0.147522597111129,1.24274238447467
0 days 08:00:56.373000,634.213,40.20723276,-111.66096816,15.0,-0.105996875450634,0.0
0 days 08:00:58.239000,636.079,40.20724125,-111.66094806,15.0,-0.0547704260576354,0.0
0 days 08:01:00.503000,638.343,40.20722171,-111.66096172,15.0,-0.0184524668367037,0.0
0 days 08:01:03.120000,640.96,40.20720935,-111.66096514,15.0,-0.0072229839985329,0.0
0 days 08:01:05.626000,643.466,40.20722256,-111.66095519,15.0,0.0,0.0
0 days 08:01:08.098000,645.938,40.20722136,-111.66095014,15.0,0.0,0.0
0 days 08:01:11.014000,648.854,40.20722037,-111.6609507,15.0,0.0,0.0
0 days 08:01:14.310000,652.15,40.20722039,-111.66094726,15.0,0.0,0.0
0 days 08:01:17.219000,655.059,40.2072204,-111.66094771,15.0,0.0,0.0
0 days 08:01:20.223000,658.063,40.20722076,-111.66094778,15.0,0.0,0.0
0 days 08:01:22.928000,660.768,40.20722067,-111.6609478,15.0,0.0,0.0
0 days 08:01:26.633000,664.473,40.20722052,-111.66094749,15.0,0.0,0.0
0 days 08:01:29.541000,667.381,40.20722004,-111.66094741,15.0,0.0,0.0
0 days 08:01:32.574000,670.414,40.20721982,-111.6609474,15.0,0.0,0.0
0 days 08:01:35.283000,673.123,40.2072192,-111.66094715,15.0,0.0,0.0
0 days 08:01:38.263000,676.103,40.20721915,-111.66094711,15.0,0.0,0.0
0 days 08:01:41.024000,678.864,40.20721993,-111.66094768,28.0,0.0,0.0
0 days 08:01:43.251000,681.091,40.20719007,-111.66102825,28.0,0.0692707583015936,11.184681460272
0 days 08:01:45.289000,683.129,40.2071078,-111.66106299,33.0,0.105785330564091,18.0197645748827
0 days 08:01:47.068000,684.908,40.20704775,-111.66119157,23.0,0.14165017687183,21.7479917283067
0 days 08:01:48.480000,686.32,40.20694073,-111.66127246,40.0,0.149014305762758,26.097590073968
0 days 08:01:50.273000,688.113,40.20680806,-111.66129054,15.0,0.149014305762758,26.097590073968
0 days 08:01:52.244000,690.084,40.20666729,-111.66128623,38.0,0.122744690323105,31.689930804104
0 days 08:01:54.010000,691.85,40.20634896,-111.66111848,36.0,0.105529917031015,34.7967867652907
0 days 08:01:55.925000,693.765,40.20596946,-111.66095454,34.0,0.105868972976816,38.5250139187147
0 days 08:01:57.429000,695.269,40.20567329,-111.6607733,15.0,0.0977177803545083,42.2532410721387
0 days 08:01:59.251000,697.091,40.20536225,-111.66055495,32.0,0.077630935648315,43.4959834566134
0 days 08:02:01.183000,699.023,40.20525252,-111.66041548,29.0,0.0688683384059993,45.3600970333254
0 days 08:02:02.768000,700.608,40.20495117,-111.66013319,29.0,0.0544494301419113,47.2242106100374
0 days 08:02:04.386000,702.226,40.20466956,-111.65977774,30.0,0.0402344317745652,48.466952994512
0 days 08:02:06.541000,704.381,40.20441121,-111.65936243,31.0,0.0431787918577628,50.331066571224
0 days 08:02:08.278000,706.118,40.20416259,-111.65893378,30.0,0.0406953780275016,52.195180147936
0 days 08:02:10.240000,708.08,40.20403033,-111.65867886,29.0,0.0379289999431282,53.4379225324107
0 days 08:02:12.213000,710.053,40.20385971,-111.65811288,25.0,0.0388276130197958,55.3020361091227
0 days 08:02:13.710000,711.55,40.20374624,-111.6575877,20.0,0.0388276130197958,55.3020361091227
0 days 08:02:15.567000,713.407,40.20360041,-111.65703385,20.0,0.0388276130197958,54.6806649168854
0 days 08:02:17.516000,715.356,40.20346538,-111.65647399,25.0,0.0388276130197958,54.6806649168854
0 days 08:02:19.559000,717.399,40.20326174,-111.6559741,22.0,0.0059160020351345,54.6806649168854
0 days 08:02:21.692000,719.532,40.20296195,-111.6555292,22.0,0.0059160020351345,55.3020361091227
0 days 08:02:24.369000,722.209,40.2024334,-111.65494056,25.0,0.0065281826696129,55.9234073013601
0 days 08:02:26.244000,724.084,40.20205624,-111.65461013,29.0,0.0100412811605476,56.5447784935974
0 days 08:02:28.641000,726.481,40.20163044,-111.65430016,25.0,0.0228216314991409,59.0302632625467
0 days 08:02:30.822000,728.662,40.2012025,-111.65397498,23.0,0.0297654881403456,60.8943768392587
0 days 08:02:32.600000,730.44,40.20077197,-111.65363673,24.0,0.0297654881403456,60.8943768392587
0 days 08:02:34.859000,732.699,40.20034906,-111.65328479,24.0,0.0192924415351884,60.8943768392587
0 days 08:02:36.232000,734.072,40.19997938,-111.65290951,23.0,0.0192924415351884,60.8943768392587
0 days 08:02:38.232000,736.072,40.19954953,-111.65257088,21.0,0.0025680415345485,59.6516344547841
0 days 08:02:40.273000,738.113,40.19932792,-111.65240119,23.0,0.0025680415345485,59.6516344547841
0 days 08:02:42.267000,740.107,40.19892052,-111.65208424,23.0,-0.0066595943837799,59.0302632625467
0 days 08:02:44.294000,742.134,40.19851555,-111.65175397,22.0,-0.0095916846209756,59.0302632625467
0 days 08:02:46.251000,744.091,40.19791175,-111.65124509,20.0,-0.0090801199932529,58.4088920703094
0 days 08:02:48.223000,746.063,40.19750085,-111.65091465,25.0,-0.0058634390148018,58.4088920703094
0 days 08:02:50.264000,748.104,40.1970879,-111.65058627,25.0,-0.0037497725993345,58.4088920703094
0 days 08:02:52.211000,750.051,40.19668497,-111.65026486,27.0,-0.0037497725993345,59.6516344547841
0 days 08:02:53.875000,751.715,40.19646276,-111.65010095,27.0,0.0115170919508367,60.2730056470214
0 days 08:02:55.878000,753.718,40.19606366,-111.64975591,28.0,0.0115170919508367,60.2730056470214
0 days 08:02:57.571000,755.411,40.19561276,-111.64943388,27.0,0.0242041568391164,63.3798616082081
0 days 08:02:59.308000,757.148,40.19518818,-111.64911212,24.0,0.0234441308741884,63.3798616082081
0 days 08:03:01.200000,759.04,40.19494793,-111.64896017,22.0,0.0183045032921236,63.3798616082081
0 days 08:03:03.001000,760.841,40.1944704,-111.6486506,25.0,0.0183045032921236,63.3798616082081
0 days 08:03:04.718000,762.558,40.19399989,-111.64837887,23.0,0.0169448690588727,64.0012328004454
0 days 08:03:06.260000,764.1,40.19349899,-111.64813001,23.0,0.0069716120741916,64.6226039926827
0 days 08:03:08.213000,766.053,40.19299869,-111.64790794,23.0,0.0069716120741916,64.0012328004454
0 days 08:03:10.266000,768.106,40.19274766,-111.64779894,23.0,0.0069716120741916,63.3798616082081
0 days 08:03:11.486000,769.326,40.19229747,-111.64761011,24.0,-0.0036665981892714,63.3798616082081
0 days 08:03:13.226000,771.066,40.19179901,-111.64743925,20.0,-0.0080004455776253,63.3798616082081
0 days 08:03:15.273000,773.113,40.19129863,-111.64727855,22.0,-0.0036170288620903,63.3798616082081
0 days 08:03:16.879000,774.719,40.19104348,-111.64719988,15.0,-0.0039064110185294,62.7584904159707
0 days 08:03:18.883000,776.723,40.19054386,-111.64707468,23.0,-0.0071611288830124,62.1371192237334
0 days 08:03:20.932000,778.772,40.19004099,-111.64698584,15.0,-0.0135361216944647,60.8943768392587
0 days 08:03:22.283000,780.123,40.18979859,-111.64694526,18.0,-0.0135361216944647,60.8943768392587
0 days 08:03:24.549000,782.389,40.18906342,-111.6468605,18.0,-0.0204533539480673,59.6516344547841
0 days 08:03:26.524000,784.364,40.18855371,-111.64682355,32.0,-0.0204533539480673,60.8943768392587
0 days 08:03:28.319000,786.159,40.18801611,-111.64681737,29.0,-0.0204533539480673,62.1371192237334
0 days 08:03:30.194000,788.034,40.18779808,-111.64680166,36.0,-0.0204533539480673,64.0012328004454
0 days 08:03:32.015000,789.855,40.18726908,-111.64678755,30.0,0.0283669476590548,64.6226039926827
0 days 08:03:33.599000,791.439,40.18673509,-111.64677926,21.0,0.0283669476590548,64.0012328004454
0 days 08:03:35.722000,793.562,40.18622808,-111.64678291,28.0,0.0283669476590548,64.6226039926827
0 days 08:03:37.226000,795.066,40.1857759,-111.64683084,32.0,0.0283669476590548,65.8653463771574
0 days 08:03:39.029000,796.869,40.18547468,-111.64683561,32.0,0.0283669476590548,67.1080887616321
0 days 08:03:40.818000,798.658,40.18491108,-111.64685317,28.0,0.0239522214353355,67.7294599538694
0 days 08:03:42.763000,800.603,40.18433613,-111.64687818,25.0,0.0254440750910595,68.3508311461067
0 days 08:03:44.643000,802.483,40.18377788,-111.64689117,21.0,0.0162125539696669,68.3508311461067
0 days 08:03:46.269000,804.109,40.18354705,-111.64689478,23.0,0.007646999376762,68.3508311461067
0 days 08:03:47.974000,805.814,40.18296221,-111.64685945,26.0,0.0041029527624018,68.3508311461067
0 days 08:03:49.909000,807.749,40.18244964,-111.64686464,22.0,-0.0041135100976242,67.7294599538694
0 days 08:03:51.423000,809.263,40.18187219,-111.6468619,21.0,-0.0037469884164271,67.7294599538694
0 days 08:03:53.258000,811.098,40.18131462,-111.64684503,27.0,-0.0039684156349332,67.7294599538694
0 days 08:03:55.270000,813.11,40.18074785,-111.64685757,27.0,-0.0039684156349332,68.3508311461067
0 days 08:03:57.055000,814.895,40.18053007,-111.6468579,25.0,0.0070336587340171,68.9722023383441
0 days 08:03:58.637000,816.477,40.1799069,-111.64684599,25.0,0.0118139942397415,69.5935735305814
0 days 08:04:00.754000,818.594,40.1793736,-111.64686966,28.0,0.0149935494279234,70.2149447228187
0 days 08:04:02.291000,820.131,40.17883274,-111.6468627,25.0,0.0150040910251009,70.8363159150561
0 days 08:04:04.006000,821.846,40.17853255,-111.64685407,24.0,0.012163887825858,70.8363159150561
0 days 08:04:05.964000,823.804,40.17791669,-111.64687046,25.0,0.0073588302273799,70.8363159150561
0 days 08:04:07.823000,825.663,40.17725983,-111.6468566,23.0,0.0038542911901105,70.8363159150561
0 days 08:04:09.274000,827.114,40.17673306,-111.64685677,27.0,0.0,70.8363159150561
0 days 08:04:11.296000,829.136,40.17642877,-111.64685191,27.0,0.0,70.8363159150561
0 days 08:04:12.656000,830.496,40.17591547,-111.64686357,22.0,0.0,70.8363159150561
0 days 08:04:14.305000,832.145,40.17529595,-111.64687963,25.0,0.0,70.8363159150561
0 days 08:04:16.222000,834.062,40.1749888,-111.64690652,21.0,-0.0040846731656566,70.2149447228187
0 days 08:04:18.067000,835.907,40.17444837,-111.64690663,26.0,-0.0039834014071158,70.2149447228187
0 days 08:04:19.648000,837.488,40.17386668,-111.64690216,26.0,-0.0035904672070443,70.2149447228187
0 days 08:04:22.078000,839.918,40.17331094,-111.64688168,28.0,-0.0035904672070443,70.8363159150561
0 days 08:04:24.012000,841.852,40.17270828,-111.64688182,32.0,0.0127438923664581,72.7004294917681
0 days 08:04:25.494000,843.334,40.17211036,-111.646848,31.0,0.0163654854865255,73.3218006840054
0 days 08:04:27.205000,845.045,40.17149838,-111.64685441,29.0,0.0176788399593038,73.3218006840054
0 days 08:04:29.101000,846.941,40.17120998,-111.6468579,29.0,0.020672033783644,73.9431718762427
0 days 08:04:30.777000,848.617,40.170615,-111.64684023,27.0,0.0125241872265541,74.5645430684801
0 days 08:04:32.742000,850.582,40.17001949,-111.64685493,28.0,0.0079033718458351,74.5645430684801
0 days 08:04:34.894000,852.734,40.16942833,-111.64685113,27.0,0.0114446185473319,75.1859142607174
0 days 08:04:36.624000,854.464,40.16883579,-111.64686532,28.0,0.0073478684945446,75.1859142607174
0 days 08:04:38.401000,856.241,40.16820754,-111.64687229,28.0,0.0073448685636891,75.8072854529547
0 days 08:04:40.271000,858.111,40.16757451,-111.64687917,25.0,0.0073164712667363,75.8072854529547
0 days 08:04:42.505000,860.345,40.16726177,-111.64688281,25.0,0.0073164712667363,75.1859142607174
0 days 08:04:44.147000,861.987,40.16668365,-111.64689028,27.0,0.0,75.1859142607174
0 days 08:04:45.706000,863.546,40.16607243,-111.64690688,26.0,-0.007277645324012,74.5645430684801
0 days 08:04:47.216000,865.056,40.16543414,-111.64692861,26.0,-0.007277645324012,74.5645430684801
0 days 08:04:49.076000,866.916,40.16517174,-111.64692712,27.0,-0.0038021585931308,74.5645430684801
0 days 08:04:51.021000,868.861,40.16455492,-111.64690299,26.0,-0.0038214641368069,74.5645430684801
0 days 08:04:52.592000,870.432,40.16393014,-111.64691426,27.0,-0.0038214641368069,74.5645430684801
0 days 08:04:55.146000,872.986,40.16331563,-111.64690412,27.0,0.0,74.5645430684801
0 days 08:04:56.313000,874.153,40.16270329,-111.64690575,26.0,0.00354131527903,75.1859142607174
0 days 08:04:58.286000,876.126,40.16206065,-111.64691092,26.0,0.0035190705071244,75.1859142607174
0 days 08:05:00.213000,878.053,40.16147853,-111.64691589,26.0,0.0033724680279336,75.1859142607174
0 days 08:05:01.794000,879.634,40.16117836,-111.64691102,25.0,0.0,74.5645430684801
0 days 08:05:03.687000,881.527,40.1605826,-111.6469158,23.0,-0.0075255270014865,73.9431718762427
0 days 08:05:05.612000,883.452,40.15999086,-111.64690651,23.0,-0.0136947546988721,72.7004294917681
0 days 08:05:07.243000,885.083,40.15970047,-111.64690961,23.0,-0.0189999923132573,72.0790582995307
0 days 08:05:08.693000,886.533,40.15911748,-111.64690795,25.0,-0.0191407794823851,71.4576871072934
0 days 08:05:11.171000,889.011,40.15855301,-111.64692189,26.0,-0.0138318942786887,71.4576871072934
0 days 08:05:12.798000,890.638,40.15796363,-111.64691764,27.0,-0.0138318942786887,71.4576871072934
0 days 08:05:14.287000,892.127,40.15737895,-111.646912,28.0,-0.0138318942786887,72.0790582995307
0 days 08:05:16.623000,894.463,40.15709099,-111.64690616,25.0,-0.0138318942786887,72.0790582995307
0 days 08:05:18.182000,896.022,40.15650107,-111.64692273,26.0,0.0032760876273752,72.0790582995307
0 days 08:05:20.159000,897.999,40.15591919,-111.64695678,25.0,0.0,71.4576871072934
0 days 08:05:22.309000,900.149,40.15507591,-111.64694647,25.0,-0.0035983036298141,71.4576871072934
0 days 08:05:24.242000,902.082,40.15476376,-111.64695576,29.0,-0.0035983036298141,72.0790582995307
0 days 08:05:25.825000,903.665,40.15416764,-111.64696985,28.0,-0.0035983036298141,72.7004294917681
0 days 08:05:27.299000,905.139,40.15354545,-111.64695531,29.0,0.0101663281850431,73.3218006840054
0 days 08:05:29.648000,907.488,40.15292428,-111.64694632,25.0,0.0131251923429276,73.9431718762427
0 days 08:05:31.497000,909.337,40.1523209,-111.64695069,28.0,0.0108838161247591,73.9431718762427
0 days 08:05:33.569000,911.409,40.15174359,-111.64694358,26.0,0.0108662773225138,74.5645430684801
0 days 08:05:35.458000,913.298,40.15107847,-111.64694943,25.0,0.0108662773225138,73.9431718762427
0 days 08:05:37.286000,915.126,40.15052909,-111.64695163,26.0,0.0108662773225138,73.9431718762427
0 days 08:05:39.222000,917.062,40.15023163,-111.64694179,27.0,0.0,73.9431718762427
0 days 08:05:41.253000,919.093,40.14966687,-111.64694443,30.0,0.0,74.5645430684801
0 days 08:05:42.815000,920.655,40.14903804,-111.64696459,27.0,0.0038835257971487,74.5645430684801
0 days 08:05:45.296000,923.136,40.14807541,-111.64694313,27.0,0.0038835257971487,74.5645430684801
0 days 08:05:47.278000,925.118,40.1474807,-111.64694173,27.0,0.0061963060847563,75.1859142607174
0 days 08:05:49.660000,927.5,40.14691184,-111.64695201,25.0,0.0062207529849746,75.1859142607174
0 days 08:05:51.450000,929.29,40.1463057,-111.64695735,26.0,0.0062207529849746,74.5645430684801
0 days 08:05:53.279000,931.119,40.14569286,-111.64698676,27.0,0.0062207529849746,75.1859142607174
0 days 08:05:55.909000,933.749,40.14508626,-111.64699613,29.0,0.0062207529849746,75.1859142607174
0 days 08:05:58.259000,936.099,40.14416004,-111.64698921,27.0,0.0062207529849746,75.8072854529547
0 days 08:06:00.229000,938.069,40.14351611,-111.64699202,23.0,0.0062207529849746,75.8072854529547
0 days 08:06:02.425000,940.265,40.14291144,-111.64701908,23.0,0.0049808613748875,75.8072854529547
0 days 08:06:04.862000,942.702,40.14230574,-111.64701917,28.0,0.0049808613748875,75.8072854529547
0 days 08:06:06.639000,944.479,40.14168966,-111.64703919,20.0,0.0042783119909372,76.4286566451921
0 days 08:06:08.427000,946.267,40.14110199,-111.64703382,29.0,0.0042783119909372,75.8072854529547
0 days 08:06:10.350000,948.19,40.14046141,-111.64705152,29.0,0.0042783119909372,75.1859142607174
0 days 08:06:12.242000,950.082,40.14015492,-111.64706533,26.0,-0.0058940239221357,74.5645430684801
0 days 08:06:14.026000,951.866,40.13955462,-111.64708491,30.0,-0.0111017032428705,74.5645430684801
0 days 08:06:15.932000,953.772,40.13897506,-111.64708938,31.0,-0.0069574306604803,74.5645430684801
0 days 08:06:17.314000,955.154,40.13840194,-111.64709864,26.0,-0.0070301148979238,73.9431718762427
0 days 08:06:19.219000,957.059,40.13810031,-111.64708798,24.0,-0.0076667295632086,73.3218006840054
0 days 08:06:22.399000,960.239,40.13693174,-111.647085,24.0,-0.0076667295632086,73.3218006840054
0 days 08:06:24.253000,962.093,40.13661687,-111.64711189,30.0,-0.0076667295632086,73.9431718762427
0 days 08:06:26.219000,964.059,40.13602941,-111.64709189,30.0,-0.0076667295632086,74.5645430684801
0 days 08:06:28.534000,966.374,40.13540357,-111.6470852,24.0,-0.0076667295632086,73.9431718762427
0 days 08:06:30.767000,968.607,40.13448771,-111.64712235,27.0,-0.0076667295632086,73.3218006840054
0 days 08:06:32.351000,970.191,40.13390519,-111.64709459,24.0,-0.0104812830057562,72.0790582995307
0 days 08:06:34.525000,972.365,40.13326482,-111.64714156,15.0,-0.0216707407729427,70.8363159150561
0 days 08:06:36.245000,974.085,40.13273726,-111.64715055,20.0,-0.0267742532103644,68.9722023383441
0 days 08:06:38.203000,976.043,40.13247125,-111.64716161,21.0,-0.030611012419496,68.3508311461067
0 days 08:06:40.246000,978.086,40.13163244,-111.64733173,27.0,-0.030611012419496,69.5935735305814
0 days 08:06:42.212000,980.052,40.13109453,-111.64747595,24.0,-0.030611012419496,69.5935735305814
0 days 08:06:44.162000,982.002,40.130815,-111.64758191,24.0,-0.030611012419496,69.5935735305814
0 days 08:06:46.212000,984.052,40.130264,-111.64779188,24.0,-0.030611012419496,71.4576871072934
0 days 08:06:47.219000,985.059,40.12974103,-111.64811188,27.0,-0.030611012419496,72.0790582995307
0 days 08:06:49.343000,987.183,40.12923383,-111.6484748,27.0,0.0179357925320994,72.7004294917681
0 days 08:06:51.224000,989.064,40.1287529,-111.64888586,24.0,0.0179357925320994,72.7004294917681
0 days 08:06:53.243000,991.083,40.12823279,-111.64935407,27.0,0.012959864731131,73.3218006840054
0 days 08:06:55.308000,993.148,40.12778354,-111.64987057,25.0,0.0091455676652108,73.3218006840054
0 days 08:06:57.347000,995.187,40.12730759,-111.65040116,25.0,0.0091455676652108,72.7004294917681
0 days 08:06:59.259000,997.099,40.12690845,-111.65101959,27.0,0.0091455676652108,73.3218006840054
0 days 08:07:01.247000,999.087,40.12660054,-111.65167771,26.0,0.0091455676652108,73.9431718762427
0 days 08:07:03.088000,1000.928,40.12644235,-111.65197938,28.0,0.0091455676652108,73.9431718762427
0 days 08:07:04.482000,1002.322,40.12608553,-111.65264046,29.0,0.0074148584543691,73.9431718762427
0 days 08:07:06.243000,1004.083,40.12575144,-111.65330896,32.0,0.0078303485442122,74.5645430684801
0 days 08:07:08.253000,1006.093,40.12542794,-111.65394471,30.0,0.0039439582757845,74.5645430684801
0 days 08:07:10.249000,1008.089,40.1252613,-111.65427168,30.0,0.0039439582757845,73.3218006840054
0 days 08:07:11.929000,1009.769,40.12495267,-111.65494818,23.0,-0.0111475570009236,72.0790582995307
0 days 08:07:14.233000,1012.073,40.12464179,-111.65561841,25.0,-0.0148474521852143,72.0790582995307
0 days 08:07:16.040000,1013.88,40.12431949,-111.65626141,28.0,-0.0148474521852143,72.7004294917681
0 days 08:07:17.424000,1015.264,40.12394346,-111.65689865,25.0,-0.0148474521852143,72.7004294917681
0 days 08:07:19.228000,1017.068,40.12357936,-111.65750155,24.0,0.0036229992342256,72.7004294917681
0 days 08:07:21.242000,1019.082,40.1233881,-111.65781705,27.0,0.0072244640516124,73.3218006840054
0 days 08:07:22.737000,1020.577,40.12301357,-111.65838585,23.0,0.0072244640516124,72.7004294917681
0 days 08:07:24.866000,1022.706,40.12261065,-111.65893743,26.0,0.0072244640516124,72.0790582995307
0 days 08:07:26.390000,1024.23,40.12222035,-111.65949289,26.0,-0.0038766515964143,72.0790582995307
0 days 08:07:28.171000,1026.011,40.1220159,-111.65978096,19.0,-0.0117201610005908,71.4576871072934
0 days 08:07:30.536000,1028.376,40.12143047,-111.66059422,27.0,-0.0117201610005908,71.4576871072934
0 days 08:07:32.371000,1030.211,40.12101821,-111.66110907,22.0,-0.0037276561474209,71.4576871072934
0 days 08:07:34.258000,1032.098,40.12082062,-111.66138103,21.0,-0.0072206194569716,70.8363159150561
0 days 08:07:36.201000,1034.041,40.1204429,-111.66189957,24.0,-0.0035210762068233,70.8363159150561
0 days 08:07:37.504000,1035.344,40.12000578,-111.66246402,23.0,-0.0035210762068233,70.8363159150561
0 days 08:07:39.286000,1037.126,40.11964419,-111.66299685,17.0,-0.0039722348160667,70.8363159150561
0 days 08:07:41.257000,1039.097,40.1192712,-111.66353111,25.0,-0.0111298900559192,69.5935735305814
0 days 08:07:43.214000,1041.054,40.11905439,-111.66385684,27.0,-0.0077163115343751,69.5935735305814
0 days 08:07:44.758000,1042.598,40.11866911,-111.66438019,27.0,-0.0077163115343751,70.2149447228187
0 days 08:07:46.591000,1044.431,40.11828575,-111.66495507,27.0,-0.0077163115343751,70.8363159150561
0 days 08:07:48.289000,1046.129,40.11788572,-111.66549935,25.0,0.0076930156053424,70.8363159150561
0 days 08:07:50.539000,1048.379,40.11769646,-111.66570984,28.0,0.0109802401823928,71.4576871072934
0 days 08:07:52.197000,1050.037,40.11731699,-111.66621406,29.0,0.0143835727132237,72.7004294917681
0 days 08:07:54.232000,1052.072,40.11688563,-111.6667516,29.0,0.0145315396528107,73.3218006840054
0 days 08:07:56.102000,1053.942,40.11645219,-111.66726991,27.0,0.0211879283716771,74.5645430684801
0 days 08:07:57.510000,1055.35,40.11601211,-111.66786293,26.0,0.0177996885506193,74.5645430684801
0 days 08:07:59.294000,1057.134,40.11557485,-111.668402,29.0,0.0146458543864563,75.1859142607174
0 days 08:08:01.446000,1059.286,40.11534184,-111.66869354,29.0,0.0152552055598176,75.8072854529547
0 days 08:08:03.202000,1061.042,40.11487705,-111.6692825,30.0,0.0113880516413488,76.4286566451921
0 days 08:08:05.029000,1062.869,40.114412,-111.66984294,30.0,0.0148681423348061,77.0500278374294
0 days 08:08:06.481000,1064.321,40.1139565,-111.67041769,27.0,0.0148681423348061,77.0500278374294
0 days 08:08:08.224000,1066.064,40.11351663,-111.67102153,27.0,0.0147630119440239,77.6713990296667
0 days 08:08:10.218000,1068.058,40.11329605,-111.6713114,28.0,0.0137595592583271,78.2927702219041
0 days 08:08:12.251000,1070.091,40.11281796,-111.67186786,31.0,0.014206439103693,78.9141414141414
0 days 08:08:14.275000,1072.115,40.11213176,-111.67267229,31.0,0.0105013218703638,78.9141414141414
0 days 08:08:15.784000,1073.624,40.11190497,-111.67294523,29.0,0.0070652685266318,78.9141414141414
0 days 08:08:17.267000,1075.107,40.1116653,-111.67322939,29.0,0.0039531496151435,78.9141414141414
0 days 08:08:19.205000,1077.045,40.11117905,-111.67375839,28.0,-0.0038080655711574,78.2927702219041
0 days 08:08:20.642000,1078.482,40.110704,-111.67428404,25.0,-0.0118201624410846,77.0500278374294
0 days 08:08:22.291000,1080.131,40.11023339,-111.67485242,23.0,-0.0162313156699017,76.4286566451921
0 days 08:08:24.304000,1082.144,40.10982187,-111.6754219,22.0,-0.0219143663315102,75.1859142607174
0 days 08:08:26.235000,1084.075,40.10961634,-111.67572394,28.0,-0.0219143663315102,75.8072854529547
0 days 08:08:27.233000,1085.073,40.1091805,-111.67633462,25.0,-0.0219143663315102,75.8072854529547
0 days 08:08:30.012000,1087.852,40.10875271,-111.67689979,23.0,-0.0219143663315102,75.1859142607174
0 days 08:08:31.681000,1089.521,40.10833037,-111.67743257,25.0,-0.0219143663315102,75.1859142607174
0 days 08:08:33.564000,1091.404,40.10790685,-111.67804777,21.0,0.0,75.1859142607174
0 days 08:08:35.279000,1093.119,40.10750396,-111.67862744,29.0,-0.0072188495501748,74.5645430684801
0 days 08:08:37.080000,1094.92,40.10730739,-111.67890343,27.0,-0.0072188495501748,75.1859142607174
0 days 08:08:39.024000,1096.864,40.10688796,-111.67950767,27.0,-0.0072188495501748,76.4286566451921
0 days 08:08:40.559000,1098.399,40.10643017,-111.68007687,25.0,-0.0072188495501748,77.6713990296667
0 days 08:08:42.214000,1100.054,40.10619734,-111.6803704,26.0,0.0234974334854835,78.2927702219041
0 days 08:08:43.882000,1101.722,40.10576844,-111.68095089,26.0,0.0204457336993489,78.2927702219041
0 days 08:08:45.367000,1103.207,40.10535973,-111.68152148,23.0,0.0115610080006745,78.2927702219041
0 days 08:08:47.257000,1105.097,40.10491297,-111.68210546,25.0,0.0,77.6713990296667
0 days 08:08:49.242000,1107.082,40.10443555,-111.68272926,23.0,-0.0077253641027574,77.0500278374294
0 days 08:08:51.252000,1109.092,40.10422798,-111.682991,25.0,-0.0105497092760501,76.4286566451921
0 days 08:08:52.978000,1110.818,40.10374788,-111.68353021,24.0,-0.011382935649533,76.4286566451921
0 days 08:08:55.285000,1113.125,40.10307417,-111.68434079,25.0,-0.0078742932945941,76.4286566451921
0 days 08:08:57.252000,1115.092,40.10283036,-111.68464402,26.0,-0.0073447971439469,75.8072854529547
0 days 08:08:59.209000,1117.049,40.10240801,-111.68517875,26.0,-0.003820447456977,75.8072854529547
0 days 08:09:01.134000,1118.974,40.10200211,-111.68571591,28.0,-0.003820447456977,76.4286566451921
0 days 08:09:02.755000,1120.595,40.10155173,-111.6862971,27.0,-0.003820447456977,75.8072854529547
0 days 08:09:04.769000,1122.609,40.10111887,-111.68688713,28.0,-0.003820447456977,75.8072854529547
0 days 08:09:06.323000,1124.163,40.10067023,-111.68744289,27.0,0.0,75.8072854529547
0 days 08:09:08.448000,1126.288,40.10020972,-111.68800172,23.0,-0.0102919909286452,74.5645430684801
0 days 08:09:10.461000,1128.301,40.0997486,-111.68855382,26.0,-0.0102919909286452,75.1859142607174
0 days 08:09:12.281000,1130.121,40.09928017,-111.6890284,28.0,-0.0102919909286452,75.8072854529547
0 days 08:09:14.305000,1132.145,40.09882182,-111.68951888,29.0,-0.0102919909286452,77.0500278374294
0 days 08:09:16.234000,1134.074,40.09859004,-111.68975726,29.0,-0.0102919909286452,77.0500278374294
0 days 08:09:17.641000,1135.481,40.09809184,-111.69025904,27.0,0.0186795971640468,78.2927702219041
0 days 08:09:19.650000,1137.49,40.09758636,-111.69082622,30.0,0.0182796110430573,78.9141414141414
0 days 08:09:21.287000,1139.127,40.09709161,-111.69133349,30.0,0.017980043871772,79.5355126063787
0 days 08:09:23.261000,1141.101,40.09659579,-111.69184224,26.0,0.0122889369527027,79.5355126063787
0 days 08:09:25.768000,1143.608,40.09607314,-111.69234677,25.0,0.007548848128851,79.5355126063787
0 days 08:09:27.745000,1145.585,40.09555486,-111.69287439,24.0,0.0,78.9141414141414
0 days 08:09:29.955000,1147.795,40.09504051,-111.69339344,27.0,-0.003689978902319,78.9141414141414
0 days 08:09:32.241000,1150.081,40.09453683,-111.69391886,27.0,-0.0032309063922803,78.9141414141414
0 days 08:09:34.221000,1152.061,40.09402457,-111.69443667,26.0,-0.0031589894102988,78.9141414141414
0 days 08:09:35.725000,1153.565,40.09352824,-111.69491791,25.0,-0.0032459840436376,78.2927702219041
0 days 08:09:37.444000,1155.284,40.09301489,-111.69541495,25.0,-0.0032459840436376,78.2927702219041
0 days 08:09:39.388000,1157.228,40.09249535,-111.69590723,27.0,-0.0027667871381518,78.2927702219041
0 days 08:09:41.545000,1159.385,40.09196141,-111.69639306,27.0,-0.0027667871381518,78.2927702219041
0 days 08:09:43.613000,1161.453,40.09146734,-111.69686749,27.0,-0.0027667871381518,78.9141414141414
0 days 08:09:45.683000,1163.523,40.09093287,-111.69733795,27.0,-0.0027667871381518,78.9141414141414
0 days 08:09:47.721000,1165.561,40.0903826,-111.69778288,26.0,0.0023715928965921,78.9141414141414
0 days 08:09:50.183000,1168.023,40.08985779,-111.69822765,25.0,0.0,78.2927702219041
0 days 08:09:51.881000,1169.721,40.08932463,-111.69866993,22.0,-0.0064021645550496,77.6713990296667
0 days 08:09:53.424000,1171.264,40.08876089,-111.69911659,24.0,-0.0064021645550496,77.6713990296667
0 days 08:09:55.472000,1173.312,40.08821708,-111.69955214,25.0,-0.0101766567769731,77.0500278374294
0 days 08:09:57.258000,1175.098,40.08796531,-111.69978434,25.0,-0.0112858160527286,76.4286566451921
0 days 08:09:58.980000,1176.82,40.08747345,-111.70023081,25.0,-0.0119350329750686,75.8072854529547
0 days 08:10:01.004000,1178.844,40.08697294,-111.70069871,27.0,-0.0119350329750686,75.8072854529547
0 days 08:10:02.584000,1180.424,40.08647785,-111.70117783,27.0,-0.0111021186466213,75.1859142607174
0 days 08:10:04.292000,1182.132,40.08599842,-111.70167811,23.0,-0.0116776126308951,74.5645430684801
0 days 08:10:06.222000,1184.062,40.08549716,-111.70215439,22.0,-0.0190462420075796,73.3218006840054
0 days 08:10:08.204000,1186.044,40.08526649,-111.70239665,27.0,-0.0258886048083957,72.0790582995307
0 days 08:10:09.762000,1187.602,40.08480449,-111.70284498,24.0,-0.0258886048083957,72.0790582995307
0 days 08:10:11.349000,1189.189,40.08433268,-111.70331317,24.0,-0.0258886048083957,72.7004294917681
0 days 08:10:13.229000,1191.069,40.08410509,-111.70355187,23.0,-0.0258886048083957,72.7004294917681
0 days 08:10:15.024000,1192.864,40.08364781,-111.70402731,21.0,0.0073066639379854,72.7004294917681
0 days 08:10:16.842000,1194.682,40.08319084,-111.70451865,22.0,0.0,72.0790582995307
0 days 08:10:18.267000,1196.107,40.08275289,-111.70499662,23.0,-0.0072054237753322,71.4576871072934
0 days 08:10:20.176000,1198.016,40.08253427,-111.70524019,23.0,-0.0114570113990286,70.8363159150561
0 days 08:10:22.030000,1199.87,40.08209372,-111.7057329,26.0,-0.0124753281031053,70.8363159150561
0 days 08:10:23.319000,1201.159,40.08167963,-111.70625467,27.0,-0.0124753281031053,71.4576871072934
0 days 08:10:25.287000,1203.127,40.08124379,-111.70678403,25.0,-0.0124753281031053,70.8363159150561
0 days 08:10:26.821000,1204.661,40.08102252,-111.70703454,28.0,-0.0124753281031053,71.4576871072934
0 days 08:10:28.894000,1206.734,40.08061283,-111.70754329,27.0,-0.0124753281031053,72.0790582995307
0 days 08:10:30.690000,1208.53,40.0801907,-111.7080605,26.0,-0.0124753281031053,72.0790582995307
0 days 08:10:33.239000,1211.079,40.07976385,-111.70857446,27.0,-0.0124753281031053,72.0790582995307
0 days 08:10:35.136000,1212.976,40.07932221,-111.70906452,29.0,0.0096063264074029,72.7004294917681
0 days 08:10:37.224000,1215.064,40.07886601,-111.70957089,27.0,0.0122843329032937,73.9431718762427
0 days 08:10:39.148000,1216.988,40.07841814,-111.71007873,27.0,0.0131640152761486,74.5645430684801
0 days 08:10:41.101000,1218.941,40.07796826,-111.71057706,29.0,0.0181631846002869,75.8072854529547
0 days 08:10:42.481000,1220.321,40.07746979,-111.7110921,28.0,0.0209990246899491,76.4286566451921
0 days 08:10:44.723000,1222.563,40.07698377,-111.7116034,27.0,0.014752407490431,76.4286566451921
0 days 08:10:46.247000,1224.087,40.07648121,-111.71210048,27.0,0.0108175409186147,76.4286566451921
0 days 08:10:48.246000,1226.086,40.07598147,-111.71261298,26.0,0.0080489404055976,77.0500278374294
0 days 08:10:50.343000,1228.183,40.07547347,-111.7130992,26.0,0.0039639775070346,77.0500278374294
0 days 08:10:52.260000,1230.1,40.07496977,-111.71361202,27.0,0.0039639775070346,76.4286566451921
0 days 08:10:54.291000,1232.131,40.074731,-111.71386742,25.0,-0.0035882246436513,75.8072854529547
0 days 08:10:56.280000,1234.12,40.07401086,-111.71461054,26.0,-0.0071426133567035,75.8072854529547
0 days 08:10:57.989000,1235.829,40.07377656,-111.71484973,27.0,-0.006732410798282,75.8072854529547
0 days 08:10:59.915000,1237.755,40.07329255,-111.71533297,26.0,-0.0037812696329039,75.8072854529547
0 days 08:11:01.890000,1239.73,40.0728061,-111.71580314,27.0,0.0,75.8072854529547
0 days 08:11:03.615000,1241.455,40.07232647,-111.71630924,27.0,0.0,75.8072854529547
0 days 08:11:05.314000,1243.154,40.07184177,-111.71679488,25.0,0.0,75.8072854529547
0 days 08:11:07.168000,1245.008,40.07159632,-111.71703283,27.0,0.0,75.8072854529547
0 days 08:11:08.813000,1246.653,40.07110045,-111.71752777,27.0,0.0036233973418946,76.4286566451921
0 days 08:11:10.813000,1248.653,40.07061229,-111.71802597,28.0,0.0036583733611132,76.4286566451921
0 days 08:11:12.254000,1250.094,40.07012117,-111.71852172,27.0,0.0036583733611132,76.4286566451921
0 days 08:11:14.311000,1252.151,40.06987356,-111.71876026,27.0,0.0038399614592616,76.4286566451921
0 days 08:11:15.974000,1253.814,40.06938812,-111.71925246,28.0,0.0,76.4286566451921
0 days 08:11:17.321000,1255.161,40.0688795,-111.71974161,27.0,0.0,76.4286566451921
0 days 08:11:19.426000,1257.266,40.06838128,-111.7202342,27.0,-0.0043021327015586,75.8072854529547
0 days 08:11:21.299000,1259.139,40.06789236,-111.72072484,27.0,-0.004174451844311,75.8072854529547
0 days 08:11:23.632000,1261.472,40.06741342,-111.7212086,29.0,-0.0041162577141363,75.8072854529547
0 days 08:11:25.294000,1263.134,40.06692377,-111.72169039,29.0,-0.0041162577141363,75.8072854529547
0 days 08:11:27.245000,1265.085,40.06643721,-111.72217299,29.0,0.0,75.8072854529547
0 days 08:11:30.236000,1268.076,40.06571492,-111.72292619,29.0,0.0027832972082492,76.4286566451921
0 days 08:11:32.244000,1270.084,40.06521097,-111.72341033,29.0,0.0025522589908615,76.4286566451921
0 days 08:11:34.245000,1272.085,40.06472535,-111.72391464,27.0,0.0025650530682702,76.4286566451921
0 days 08:11:36.449000,1274.289,40.06448166,-111.72415678,27.0,0.0025650530682702,76.4286566451921
0 days 08:11:38.246000,1276.086,40.06374585,-111.7249101,30.0,0.0,76.4286566451921
0 days 08:11:40.270000,1278.11,40.06323339,-111.72540448,30.0,0.0,76.4286566451921
0 days 08:11:42.251000,1280.091,40.06275484,-111.72589148,30.0,0.0034979155607962,77.0500278374294
0 days 08:11:44.013000,1281.853,40.06250315,-111.7261373,32.0,0.0034979155607962,76.4286566451921
0 days 08:11:45.938000,1283.778,40.06199861,-111.72664841,32.0,0.0034979155607962,76.4286566451921
0 days 08:11:47.277000,1285.117,40.06151657,-111.72712556,30.0,0.0034979155607962,77.0500278374294
0 days 08:11:49.261000,1287.101,40.06101396,-111.72760396,30.0,0.0034979155607962,77.0500278374294
0 days 08:11:51.247000,1289.087,40.06076188,-111.7278488,27.0,0.0034979155607962,76.4286566451921
0 days 08:11:53.052000,1290.892,40.06025171,-111.7283163,21.0,0.0,76.4286566451921
0 days 08:11:54.420000,1292.26,40.05973712,-111.72875832,21.0,-0.0115922675575172,75.1859142607174
0 days 08:11:56.262000,1294.102,40.05923392,-111.72918719,28.0,-0.0115922675575172,75.8072854529547
0 days 08:11:58.224000,1296.064,40.05871187,-111.72962645,29.0,-0.0115922675575172,75.8072854529547
0 days 08:12:00.204000,1298.044,40.05844756,-111.72983464,31.0,-0.0115922675575172,76.4286566451921
0 days 08:12:02.056000,1299.896,40.05790602,-111.7302516,31.0,0.0070937417014241,76.4286566451921
0 days 08:12:04.258000,1302.098,40.05712776,-111.73091223,29.0,0.0070937417014241,75.8072854529547
0 days 08:12:06.084000,1303.924,40.05688009,-111.73114923,31.0,-0.003538742904402,75.1859142607174
0 days 08:12:07.825000,1305.665,40.05636834,-111.7315975,31.0,-0.0076278200987367,75.1859142607174
0 days 08:12:09.926000,1307.766,40.05588246,-111.73205072,26.0,-0.0112268092234291,74.5645430684801
0 days 08:12:11.390000,1309.23,40.05540542,-111.73252821,27.0,-0.0071091401333676,74.5645430684801
0 days 08:12:13.209000,1311.049,40.0551727,-111.73276602,28.0,-0.003891111007174,74.5645430684801
0 days 08:12:15.237000,1313.077,40.05446069,-111.73350588,26.0,-0.003891111007174,75.1859142607174
0 days 08:12:17.209000,1315.049,40.05423209,-111.73376042,26.0,0.0037070172439976,75.1859142607174
0 days 08:12:18.642000,1316.482,40.05378154,-111.73428125,26.0,0.0036958726508125,75.1859142607174
0 days 08:12:20.655000,1318.495,40.05333326,-111.73481959,26.0,0.0,74.5645430684801
0 days 08:12:22.233000,1320.073,40.05310881,-111.73509072,28.0,0.0,74.5645430684801
0 days 08:12:24.223000,1322.063,40.05266125,-111.73561704,27.0,-0.0037125065877756,74.5645430684801
0 days 08:12:26.162000,1324.002,40.05220944,-111.73616403,28.0,-0.0036438240621834,74.5645430684801
0 days 08:12:27.736000,1325.576,40.05176262,-111.73668454,28.0,-0.0035759549617998,74.5645430684801
0 days 08:12:29.367000,1327.207,40.05131174,-111.73719578,28.0,-0.0036799519755386,73.9431718762427
0 days 08:12:31.510000,1329.35,40.05086568,-111.73771109,32.0,-0.0036799519755386,74.5645430684801
0 days 08:12:33.284000,1331.124,40.05039756,-111.73821415,30.0,-0.0036799519755386,74.5645430684801
0 days 08:12:35.301000,1333.141,40.04991832,-111.73869885,30.0,-0.0036799519755386,74.5645430684801
0 days 08:12:37.788000,1335.628,40.04944884,-111.73918361,32.0,0.0031561367984989,74.5645430684801
0 days 08:12:39.460000,1337.3,40.04895753,-111.73966807,29.0,0.0,74.5645430684801
